title,price
"Graphic T-ShirtS
                                - Sold OutM
                                - Sold OutL
                                - Sold OutXL
                                - Sold OutSMLXLSELECT SIZEAdd to cart","PKR 1,890"
Graphic T-Shirt,"PKR 1,890"
Graphic T-Shirt,"PKR 1,890"
"Basic Crew Neck T-ShirtSMLXLSMLXLS
                                - Sold OutML
                                - Sold OutXL
                                - Sold OutSMLXLSMLXLSMLXLSMLXLSELECT SIZEAdd to cart","PKR 1,890"
Basic Crew Neck T-Shirt,"PKR 1,890"
Basic Crew Neck T-Shirt,"PKR 1,890"
"Basic Crew Neck T-ShirtSMLXLSMLXLS
                                - Sold OutML
                                - Sold OutXL
                                - Sold OutSMLXLSMLXLSMLXLSMLXLSELECT SIZEAdd to cart","PKR 1,890"
Basic Crew Neck T-Shirt,"PKR 1,890"
Basic Crew Neck T-Shirt,"PKR 1,890"
"Basic Crew Neck T-ShirtSMLXLSMLXLS
                                - Sold OutML
                                - Sold OutXL
                                - Sold OutSMLXLSMLXLSMLXLSMLXLSELECT SIZEAdd to cart","PKR 1,890"
Basic Crew Neck T-Shirt,"PKR 1,890"
Basic Crew Neck T-Shirt,"PKR 1,890"
"Basic Crew Neck T-ShirtSMLXLSMLXLS
                                - Sold OutML
                                - Sold OutXL
                                - Sold OutSMLXLSMLXLSMLXLSMLXLSELECT SIZEAdd to cart","PKR 1,890"
Basic Crew Neck T-Shirt,"PKR 1,890"
Basic Crew Neck T-Shirt,"PKR 1,890"
"Basic Crew Neck T-ShirtSMLXLSMLXLS
                                - Sold OutML
                                - Sold OutXL
                                - Sold OutSMLXLSMLXLSMLXLSMLXLSELECT SIZEAdd to cart","PKR 1,890"
Basic Crew Neck T-Shirt,"PKR 1,890"
Basic Crew Neck T-Shirt,"PKR 1,890"
"Basic Crew Neck T-ShirtSMLXLSMLXLS
                                - Sold OutML
                                - Sold OutXL
                                - Sold OutSMLXLSMLXLSMLXLSMLXLSELECT SIZEAdd to cart","PKR 1,890"
Basic Crew Neck T-Shirt,"PKR 1,890"
Basic Crew Neck T-Shirt,"PKR 1,890"
"Basic Crew Neck T-ShirtSMLXLSMLXLS
                                - Sold OutML
                                - Sold OutXL
                                - Sold OutSMLXLSMLXLSMLXLSMLXLSELECT SIZEAdd to cart","PKR 1,890"
Basic Crew Neck T-Shirt,"PKR 1,890"
Basic Crew Neck T-Shirt,"PKR 1,890"
"Locals Only All Over Print PoloSMLXLS
                                - Sold OutMLXLSELECT SIZEAdd to cart","PKR 3,490"
Locals Only All Over Print Polo,"PKR 3,490"
Locals Only All Over Print Polo,"PKR 3,490"
"Locals Only All Over Print PoloSMLXLS
                                - Sold OutMLXLSELECT SIZEAdd to cart","PKR 3,490"
Locals Only All Over Print Polo,"PKR 3,490"
Locals Only All Over Print Polo,"PKR 3,490"
Basic Textured T-ShirtSMLXLSMLXLSMLXLSELECT SIZEAdd to cart,"PKR 2,090"
Basic Textured T-Shirt,"PKR 2,090"
Basic Textured T-Shirt,"PKR 2,090"
Basic Textured T-ShirtSMLXLSMLXLSMLXLSELECT SIZEAdd to cart,"PKR 2,090"
Basic Textured T-Shirt,"PKR 2,090"
Basic Textured T-Shirt,"PKR 2,090"
Basic Textured T-ShirtSMLXLSMLXLSMLXLSELECT SIZEAdd to cart,"PKR 2,090"
Basic Textured T-Shirt,"PKR 2,090"
Basic Textured T-Shirt,"PKR 2,090"
Basic V-Neck T-ShirtSMLXLSMLXLSMLXLSMLXLSMLXLSMLXLSELECT SIZEAdd to cart,"PKR 1,890"
Basic V-Neck T-Shirt,"PKR 1,890"
Basic V-Neck T-Shirt,"PKR 1,890"
Basic V-Neck T-ShirtSMLXLSMLXLSMLXLSMLXLSMLXLSMLXLSELECT SIZEAdd to cart,"PKR 1,890"
Basic V-Neck T-Shirt,"PKR 1,890"
Basic V-Neck T-Shirt,"PKR 1,890"
Basic V-Neck T-ShirtSMLXLSMLXLSMLXLSMLXLSMLXLSMLXLSELECT SIZEAdd to cart,"PKR 1,890"
Basic V-Neck T-Shirt,"PKR 1,890"
Basic V-Neck T-Shirt,"PKR 1,890"
Basic V-Neck T-ShirtSMLXLSMLXLSMLXLSMLXLSMLXLSMLXLSELECT SIZEAdd to cart,"PKR 1,890"
Basic V-Neck T-Shirt,"PKR 1,890"
Basic V-Neck T-Shirt,"PKR 1,890"
Basic V-Neck T-ShirtSMLXLSMLXLSMLXLSMLXLSMLXLSMLXLSELECT SIZEAdd to cart,"PKR 1,890"
Basic V-Neck T-Shirt,"PKR 1,890"
Basic V-Neck T-Shirt,"PKR 1,890"
Basic V-Neck T-ShirtSMLXLSMLXLSMLXLSMLXLSMLXLSMLXLSELECT SIZEAdd to cart,"PKR 1,890"
Basic V-Neck T-Shirt,"PKR 1,890"
Basic V-Neck T-Shirt,"PKR 1,890"
"Jacquard Knitted Textured T-shirtS
                                - Sold OutMLXL
                                - Sold OutS
                                - Sold OutM
                                - Sold OutL
                                - Sold OutXL
                                - Sold OutSMLXLSELECT SIZEAdd to cart","PKR 4,490"
Jacquard Knitted Textured T-shirt,"PKR 4,490"
Jacquard Knitted Textured T-shirt,"PKR 4,490"
Locals Only Graphic T-ShirtSelectSMLXLsmlxlSELECT SIZEAdd to cart,"PKR 2,690"
Locals Only Graphic T-Shirt,"PKR 2,690"
Locals Only Graphic T-Shirt,"PKR 2,690"
Textured T-ShirtSMLXLSMLXLSELECT SIZEAdd to cart,"PKR 2,490"
Textured T-Shirt,"PKR 2,490"
Textured T-Shirt,"PKR 2,490"
Textured T-ShirtSMLXLSMLXLSELECT SIZEAdd to cart,"PKR 2,490"
Textured T-Shirt,"PKR 2,490"
Textured T-Shirt,"PKR 2,490"
"Meta-Modernism Graphic T-ShirtSelectSMLXLsm
                                        - Sold Outl
                                        - Sold OutxlSELECT SIZEAdd to cart","PKR 2,490"
Meta-Modernism Graphic T-Shirt,"PKR 2,490"
Meta-Modernism Graphic T-Shirt,"PKR 2,490"
Slogan Graphic T-ShirtSelectSMLXLsmlxlSELECT SIZEAdd to cart,"PKR 2,690"
Slogan Graphic T-Shirt,"PKR 2,690"
Slogan Graphic T-Shirt,"PKR 2,690"
"Textured Resort Collar ShirtS
                                - Sold OutM
                                - Sold OutL
                                - Sold OutXL
                                - Sold OutS
                                - Sold OutM
                                - Sold OutL
                                - Sold OutXLSELECT SIZEAdd to cart","PKR 3,690"
Textured Resort Collar Shirt,"PKR 3,690"
Textured Resort Collar Shirt,"PKR 3,690"
